TITLE,DAY
ゾロ目の日限定クーポンでお得に宿泊予約｜Yahoo!トラベル・一休.com,2020/3/22
"JTB新幹線ひかり・こだま格安プラン情報入手！九州発関西片道4,900円〜",2020/3/21
じゃらん人気の贅沢ホテルで使える宿泊割引クーポン,2020/3/20
【毎月5と0のつく日】楽天トラベル高級宿を旅行クーポンで宿泊5%割引,2020/3/20
じゃらん遊び体験クーポン大放出！ホテルビュッフェも温泉もお得,2020/3/19
じゃらんバザール開催中！宿泊2万引・ツアー3万引などクーポン満載,2020/3/18
"滋賀県ふるさと割クーポンで旅行最大10,000円割引｜大河ドラマ麒麟がくる放映",2020/3/16
オリックスグループの旅館ホテルで使える旅行クーポン｜最大1万円OFF,2020/3/16
"レンタカーを比較サイト＆クーポンで格安予約！最大10,000円OFF",2020/3/16
ANA・JAL・LCCツアー旅行クーポン特集！飛行機・ホテル個別手配よりも得,2020/3/16
楽天トラベルスーパーSALE開催中！旅行予約が半額以下,2020/3/15
岐阜県ふっこう割・ふるさと割旅行クーポンで宿泊最大半額｜観光復興支援,2020/3/11
東北旅行クーポンで最大1万円割引｜青森・岩手・秋田・宮城・山形・福島,2020/3/9
一休.comの割引クーポンコードまとめ【最新版】,2020/3/10
"プリンスホテルズ＆リゾーツの宿泊割引クーポン｜最大3,000円OFF",2020/3/9
Relux宿泊クーポン特集！初予約10%引クーポン進呈中,2020/3/7
"ANAタイムセール実施中！旅行クーポンでANA旅作最大50,000円割引",2020/3/2
箱根伊豆ふっこう割・旅行クーポンでホテル旅館の宿泊割引！観光復興応援,2020/3/2
"楽天カーボン・オフセットキャンペーンクーポンで宿泊2,000円引｜1名利用OK",2020/3/2
USJ周辺ホテル予約に使える旅行クーポン特集,2020/3/2
